Session,Runtime (s),Energy (kWh),Cost (₦)
1,101.92587327957153,0.011647862296448814,0.7260112569376546
2,39.62315082550049,0.0009927800567944842,0.0618799809400002
